[
  {
    "discussionId": null,
    "author": "María González",
    "content": "¡Excelente plataforma! Encontré trabajo en solo 2 semanas gracias a los recursos y el mapa de empleos.",
    "id": "4764ffd9-8ffd-446e-854f-7d2de258a735",
    "likes": 0,
    "timestamp": "2025-11-08T01:02:57.889Z"
  },
  {
    "discussionId": null,
    "author": "Carlos Pérez",
    "content": "Los cursos de preparación para entrevistas me ayudaron mucho. Muy recomendado para todos.",
    "id": "63e24311-2dfa-4232-8d3c-159510f25221",
    "likes": 0,
    "timestamp": "2025-11-08T01:02:57.889Z"
  },
  {
    "discussionId": null,
    "author": "Ana Torres",
    "content": "Me encanta la comunidad. Aquí he encontrado mucho apoyo y consejos valiosos.",
    "id": "8db483e2-606a-4f37-9b89-fffe85925e6f",
    "likes": 0,
    "timestamp": "2025-11-08T01:02:57.890Z"
  },
  {
    "discussionId": null,
    "author": "Usuario Test",
    "content": "Este es un comentario de prueba",
    "id": "d0a19cca-1e1c-47b7-ba9e-49e21f3b6503",
    "likes": 0,
    "timestamp": "2025-11-08T01:20:50.681Z"
  },
  {
    "author": "Usuario",
    "content": "d",
    "discussionId": null,
    "id": "84b0225f-1376-4c94-bd54-eb998fa0e2b3",
    "likes": 0,
    "timestamp": "2025-11-08T01:23:29.573Z"
  },
  {
    "author": "Usuario",
    "content": "sd",
    "discussionId": null,
    "id": "250df959-83c5-4944-8682-30f9c29712b1",
    "likes": 0,
    "timestamp": "2025-11-08T01:23:33.612Z"
  },
  {
    "author": "Usuario",
    "content": "l",
    "discussionId": null,
    "id": "769301d5-530e-4d9f-9e48-5f00aa098cff",
    "likes": 0,
    "timestamp": "2025-11-08T01:50:31.381Z"
  }
]