[
  {
    "title": "¿Cómo negociar mejor salario en entrevistas?",
    "author": "María González",
    "category": "Consejos",
    "id": "fca5df01-2222-41d5-87ba-ca756d82d6bb",
    "replies": 0,
    "views": 0,
    "timestamp": "2025-11-08T01:02:57.884Z"
  },
  {
    "title": "Mi experiencia trabajando remoto desde Perú",
    "author": "Carlos Pérez",
    "category": "Experiencias",
    "id": "9789973b-af38-4675-82b8-b4a1152253a9",
    "replies": 0,
    "views": 0,
    "timestamp": "2025-11-08T01:02:57.886Z"
  },
  {
    "title": "Recursos para aprender Python desde cero",
    "author": "Ana Torres",
    "category": "Aprendizaje",
    "id": "8c10f3d2-42e6-4d0a-85f2-fdc81b56b2b0",
    "replies": 0,
    "views": 0,
    "timestamp": "2025-11-08T01:02:57.887Z"
  },
  {
    "title": "¿Qué certificaciones son más valoradas?",
    "author": "Luis Ramírez",
    "category": "Preguntas",
    "id": "b07af4e7-7788-4817-8fb8-b6b1a35dd335",
    "replies": 0,
    "views": 0,
    "timestamp": "2025-11-08T01:02:57.888Z"
  }
]